Python,Java,JavaScript,SQL,DSA,Cloud,DevOps,Networking,DataAnalysis,Communication,CGPA,Projects,EasySolved,MediumSolved,HardSolved,Role
5,3,3,3,4,4,4,2,2,5,6.67,1,62,45,22,Backend Developer
4,3,3,3,5,2,3,3,2,3,8.79,5,92,55,20,Backend Developer
5,4,2,4,4,2,2,4,2,3,6.54,4,77,45,30,Backend Developer
5,2,4,3,4,4,3,2,3,2,9.06,5,86,95,5,Backend Developer
5,2,4,3,5,2,4,2,2,4,7.19,5,113,68,9,Backend Developer
5,2,3,3,5,4,4,4,2,5,8.21,1,120,96,23,Backend Developer
5,4,2,2,4,3,2,4,3,5,9.21,5,120,40,14,Backend Developer
5,2,3,3,4,4,4,4,4,3,6.65,3,97,84,18,Backend Developer
5,2,3,3,5,4,3,2,3,4,7.63,1,69,69,11,Backend Developer
3,4,4,4,2,3,4,2,3,5,6.55,2,52,73,7,Backend Developer
5,4,3,4,5,4,2,3,3,5,8.64,5,69,55,17,Backend Developer
4,4,2,2,4,3,3,3,2,3,6.9,5,46,94,30,Backend Developer
5,2,3,3,5,3,2,3,4,4,6.86,3,101,69,13,Backend Developer
5,4,4,2,5,4,4,3,3,5,9.33,3,36,65,28,Backend Developer
5,2,2,4,5,2,3,4,4,3,7.11,5,78,47,12,Backend Developer
4,3,4,2,4,3,3,2,2,5,7.31,4,99,72,30,Backend Developer
4,2,3,4,5,4,3,2,4,5,9.14,2,92,42,18,Backend Developer
5,2,3,4,5,4,3,4,3,4,7.65,5,57,96,20,Backend Developer
5,2,2,2,5,3,4,4,3,2,8.65,3,27,63,19,Backend Developer
5,3,3,4,5,2,2,2,2,3,9.37,3,38,90,30,Backend Developer
5,2,4,2,4,3,3,3,3,5,7.78,3,86,86,19,Backend Developer
5,3,4,3,4,4,3,4,3,3,8.64,2,107,91,17,Backend Developer
4,3,3,3,4,3,4,2,4,5,6.54,3,27,43,14,Backend Developer
5,3,2,4,4,3,4,2,3,5,8.6,4,43,70,9,Backend Developer
2,2,4,3,5,2,2,3,3,2,6.78,1,59,51,28,Backend Developer
4,3,4,2,5,4,2,4,2,5,7.17,2,74,97,16,Backend Developer
4,4,3,4,4,4,2,4,3,3,6.91,3,83,95,30,Backend Developer
4,2,2,3,4,4,2,2,4,3,8.64,1,66,56,26,Backend Developer
5,4,4,3,5,3,2,3,3,5,7.49,2,47,43,13,Backend Developer
4,2,2,2,4,2,2,3,2,5,6.85,1,59,84,6,Backend Developer
5,4,3,2,4,4,4,2,3,5,8.17,3,74,99,14,Backend Developer
5,2,4,4,4,3,3,3,3,5,9.41,5,51,70,9,Backend Developer
5,3,3,3,5,3,3,2,4,4,8.81,2,93,56,26,Backend Developer
4,2,2,4,4,3,4,2,3,3,8.23,4,75,63,23,Backend Developer
4,4,4,4,4,4,4,3,3,3,9.29,4,86,96,22,Backend Developer
5,4,2,2,4,2,3,3,3,3,7.12,5,44,91,17,Backend Developer
4,4,2,2,5,2,3,2,4,3,6.91,3,37,67,17,Backend Developer
5,4,4,2,4,2,2,4,3,3,7.45,2,88,58,8,Backend Developer
4,4,4,3,4,3,3,2,4,4,6.79,4,108,50,27,Backend Developer
4,2,3,4,5,3,4,4,3,2,6.8,1,64,48,20,Backend Developer
4,3,2,3,5,4,3,4,4,2,6.5,1,72,59,16,Backend Developer
4,2,2,4,5,3,3,2,4,2,9.01,5,103,90,16,Backend Developer
5,2,4,2,5,2,3,2,3,3,8.12,3,80,95,23,Backend Developer
5,2,4,4,4,2,2,2,4,5,8.51,2,78,68,16,Backend Developer
5,4,4,3,3,3,3,4,3,2,6.96,4,29,74,19,Backend Developer
5,3,2,4,4,3,3,4,3,5,8.9,3,99,46,8,Backend Developer
2,2,4,4,3,2,4,2,3,3,8.96,2,35,89,28,Backend Developer
5,3,2,3,5,4,2,4,3,3,7.89,1,102,86,16,Backend Developer
5,2,4,3,4,2,2,4,3,3,7.3,5,34,45,20,Backend Developer
5,3,3,4,4,2,4,2,3,4,7.42,3,72,57,27,Backend Developer
5,4,2,4,4,4,3,3,4,5,8.02,2,98,53,29,Backend Developer
4,4,3,3,5,3,3,3,2,2,9.11,3,118,50,8,Backend Developer
4,2,4,3,5,2,3,3,3,3,7.87,3,26,52,27,Backend Developer
3,2,2,3,2,3,3,3,3,5,8.79,5,26,62,23,Backend Developer
4,3,4,2,5,2,3,2,2,5,6.52,2,109,49,26,Backend Developer
4,2,4,4,4,3,3,4,3,5,6.7,1,60,71,26,Backend Developer
4,4,3,3,5,4,2,3,3,3,7.75,5,77,93,28,Backend Developer
5,2,2,2,4,2,4,2,4,2,8.96,2,106,55,24,Backend Developer
4,3,4,2,5,4,2,2,2,4,6.77,2,83,99,17,Backend Developer
4,2,4,2,5,3,3,3,2,2,8.65,5,85,59,14,Backend Developer
5,2,3,4,5,3,3,4,4,4,9.05,2,38,77,24,Backend Developer
5,2,4,4,4,3,4,2,2,2,8.97,5,76,72,25,Backend Developer
4,3,3,3,4,2,2,4,3,2,7.43,2,66,41,12,Backend Developer
5,3,4,4,5,2,4,2,4,5,9.13,3,104,73,12,Backend Developer
5,3,3,4,5,3,4,2,4,2,6.86,5,96,58,8,Backend Developer
4,3,4,2,5,2,3,4,2,2,7.34,2,63,65,26,Backend Developer
5,2,3,4,5,4,4,3,2,5,9.44,2,40,84,13,Backend Developer
5,4,3,3,4,3,2,2,4,3,8.16,3,108,41,29,Backend Developer
4,4,3,3,4,2,4,2,3,5,7.22,1,36,92,24,Backend Developer
5,3,4,4,5,3,2,4,2,2,7.38,3,74,64,21,Backend Developer
5,4,4,4,4,3,4,3,3,3,7.51,5,98,50,25,Backend Developer
4,2,3,2,4,2,4,2,2,3,8.96,3,26,70,21,Backend Developer
4,4,2,4,5,4,3,4,4,2,7.02,1,28,56,25,Backend Developer
4,3,2,4,4,4,3,4,2,2,6.66,3,38,67,30,Backend Developer
4,2,2,3,4,3,4,4,3,3,6.74,3,23,77,8,Backend Developer
4,3,4,4,5,2,3,4,3,3,6.85,1,113,42,24,Backend Developer
5,2,4,3,4,3,2,4,3,2,6.77,4,100,60,21,Backend Developer
2,2,4,3,4,3,2,3,2,3,8.96,4,87,51,12,Backend Developer
5,2,4,2,5,3,3,2,3,4,7.57,2,102,52,26,Backend Developer
3,2,4,3,3,4,4,4,2,2,9.48,2,44,67,27,Backend Developer
5,3,4,4,4,2,2,2,2,5,9.15,2,85,86,25,Backend Developer
5,4,2,3,4,2,3,2,2,2,6.59,5,72,60,13,Backend Developer
5,2,3,4,5,4,3,4,4,5,8.81,5,44,67,25,Backend Developer
5,2,4,2,4,2,4,3,2,5,9.33,4,118,81,17,Backend Developer
5,3,4,2,4,3,2,2,2,3,7.15,2,98,51,30,Backend Developer
5,2,3,3,5,3,3,3,2,4,8.08,3,31,84,19,Backend Developer
5,4,4,2,4,2,2,4,3,2,8.86,4,20,67,18,Backend Developer
5,3,2,2,5,4,2,3,4,2,7.31,2,92,75,13,Backend Developer
4,4,2,3,4,2,3,2,4,4,7.59,3,28,69,30,Backend Developer
5,2,2,3,5,3,2,4,3,2,8.0,3,110,90,22,Backend Developer
4,3,4,3,5,2,2,2,3,3,8.51,5,67,91,25,Backend Developer
5,2,2,3,5,3,4,4,3,2,7.96,3,107,62,10,Backend Developer
5,2,4,4,4,2,3,3,4,5,6.87,5,86,95,12,Backend Developer
4,4,2,4,2,3,3,3,4,3,6.69,5,88,78,19,Backend Developer
4,2,2,2,4,3,2,3,4,5,8.76,5,37,74,7,Backend Developer
5,2,3,2,5,2,2,4,3,2,7.93,3,112,80,8,Backend Developer
4,3,2,2,5,2,3,3,3,5,8.44,3,52,50,27,Backend Developer
4,4,4,4,4,3,4,3,3,3,6.51,2,51,62,22,Backend Developer
5,3,4,3,4,3,3,3,3,3,6.7,2,42,89,16,Backend Developer
5,2,3,4,5,3,2,4,2,3,8.13,2,60,82,19,Backend Developer
2,2,5,2,2,3,2,2,2,4,7.77,3,51,40,14,Frontend Developer
2,2,5,3,2,4,4,2,3,5,8.07,5,116,70,9,Frontend Developer
2,3,4,2,3,2,2,3,4,5,7.73,5,21,22,6,Frontend Developer
4,4,4,2,4,2,2,3,3,4,8.8,6,50,51,14,Frontend Developer
4,3,4,2,4,3,2,3,2,2,6.67,4,31,17,5,Frontend Developer
2,2,5,2,4,2,3,4,4,2,8.6,5,62,38,7,Frontend Developer
4,4,4,3,3,4,2,3,2,4,9.21,5,24,72,8,Frontend Developer
4,4,5,2,4,3,3,3,3,4,8.14,3,55,48,16,Frontend Developer
2,2,4,4,5,3,3,2,3,5,6.67,5,21,60,24,Frontend Developer
4,3,4,2,3,4,3,3,2,3,8.34,4,59,57,19,Frontend Developer
2,3,5,3,3,2,2,3,2,5,8.99,3,102,32,10,Frontend Developer
4,4,4,3,3,3,4,3,3,3,6.76,4,44,32,5,Frontend Developer
3,3,5,4,4,2,3,2,2,5,9.09,5,81,50,9,Frontend Developer
3,2,4,3,4,4,2,2,2,5,7.58,5,23,31,18,Frontend Developer
3,2,5,4,4,2,2,3,2,4,8.58,4,41,49,17,Frontend Developer
3,4,4,2,2,2,2,3,3,5,8.27,4,89,32,26,Frontend Developer
3,4,4,3,3,2,3,4,4,4,8.22,4,82,21,12,Frontend Developer
2,4,4,4,3,3,3,4,3,5,8.72,6,33,46,8,Frontend Developer
2,4,5,2,4,3,2,3,2,3,7.04,5,55,10,9,Frontend Developer
4,3,5,3,3,3,3,4,4,4,6.62,4,99,55,18,Frontend Developer
3,3,4,2,3,3,4,3,4,3,8.13,5,67,37,14,Frontend Developer
4,3,4,2,4,2,3,3,4,2,7.56,5,53,24,14,Frontend Developer
2,2,5,4,4,2,3,3,2,3,8.34,4,53,60,18,Frontend Developer
2,3,4,4,4,3,3,3,4,2,9.24,5,26,34,7,Frontend Developer
2,4,5,2,4,4,2,4,3,2,6.94,6,43,21,10,Frontend Developer
5,4,4,4,5,4,3,3,4,2,8.32,3,84,24,24,Frontend Developer
4,4,5,2,2,4,3,4,2,5,7.89,6,116,57,22,Frontend Developer
2,4,5,3,4,2,3,3,2,5,8.97,3,86,61,14,Frontend Developer
4,2,4,2,2,4,2,4,2,2,8.54,6,45,65,12,Frontend Developer
3,3,4,3,2,3,2,3,4,4,8.92,6,97,74,24,Frontend Developer
2,2,4,3,3,3,2,3,2,4,7.44,6,35,65,23,Frontend Developer
2,3,5,4,2,2,4,2,3,2,9.05,4,34,71,20,Frontend Developer
3,4,4,4,4,4,3,3,4,2,8.72,4,41,12,20,Frontend Developer
4,4,5,4,2,4,4,2,4,5,8.99,6,90,12,20,Frontend Developer
2,2,5,3,4,2,2,2,2,4,8.89,5,61,35,20,Frontend Developer
2,2,4,2,3,3,2,2,2,5,8.7,6,58,76,27,Frontend Developer
2,2,4,3,4,3,2,2,3,3,7.57,3,95,80,18,Frontend Developer
3,2,4,3,3,3,4,4,4,2,9.2,5,118,26,13,Frontend Developer
2,4,5,3,2,2,3,2,4,2,7.3,5,80,36,7,Frontend Developer
2,2,4,3,3,4,3,3,2,4,8.03,4,41,73,7,Frontend Developer
3,4,5,3,4,3,4,2,2,5,9.44,5,100,60,25,Frontend Developer
3,3,5,4,3,4,4,4,3,3,6.88,3,61,48,6,Frontend Developer
2,3,4,2,3,2,3,4,4,3,9.25,5,32,70,19,Frontend Developer
3,4,5,4,3,3,2,3,2,2,6.9,4,96,34,16,Frontend Developer
2,4,5,4,4,4,3,4,4,5,7.63,6,37,68,27,Frontend Developer
2,3,5,2,4,2,4,2,4,3,9.4,6,100,12,6,Frontend Developer
2,3,5,3,4,4,3,2,3,4,6.88,5,118,69,9,Frontend Developer
3,3,4,3,2,4,2,3,2,3,9.31,3,63,25,24,Frontend Developer
3,3,4,2,3,3,4,4,4,2,7.29,5,97,54,15,Frontend Developer
4,3,4,4,4,4,3,3,2,2,7.12,6,28,32,27,Frontend Developer
3,3,5,4,2,2,3,2,3,5,7.49,6,106,28,22,Frontend Developer
2,2,5,3,3,3,3,2,2,2,7.22,6,29,23,25,Frontend Developer
4,2,5,2,3,4,3,2,3,4,9.27,3,55,25,6,Frontend Developer
2,2,4,2,3,2,2,3,4,5,8.77,5,92,45,6,Frontend Developer
3,2,4,4,4,2,4,2,2,4,6.85,4,88,69,20,Frontend Developer
2,3,4,4,3,2,2,3,2,3,8.42,5,59,80,29,Frontend Developer
4,2,5,2,4,4,4,4,2,5,6.66,6,39,38,5,Frontend Developer
2,4,5,4,4,4,4,2,4,2,8.4,6,36,53,11,Frontend Developer
3,3,5,4,4,4,2,2,4,3,6.53,3,43,40,23,Frontend Developer
3,4,4,3,2,4,2,3,3,3,9.24,4,76,29,24,Frontend Developer
2,2,4,4,4,4,2,4,3,2,9.2,4,52,40,22,Frontend Developer
2,3,4,3,2,3,3,4,3,5,7.21,4,97,35,29,Frontend Developer
4,4,4,4,2,3,2,2,4,4,6.97,4,22,59,7,Frontend Developer
3,3,4,3,2,2,2,2,2,5,7.37,3,25,64,20,Frontend Developer
4,2,4,3,2,3,2,2,3,2,8.96,4,99,35,15,Frontend Developer
3,4,4,2,2,3,2,4,4,3,7.22,5,91,46,13,Frontend Developer
3,2,5,3,3,2,3,2,2,5,8.39,3,106,40,9,Frontend Developer
3,3,4,4,2,3,4,3,2,3,7.56,6,86,55,16,Frontend Developer
3,4,5,2,2,2,2,3,2,4,8.09,5,70,16,12,Frontend Developer
2,3,5,3,4,2,4,3,3,5,8.47,4,63,42,12,Frontend Developer
4,4,4,3,2,4,4,3,2,5,8.94,5,96,13,10,Frontend Developer
2,2,4,4,4,2,2,2,2,5,7.25,3,52,28,8,Frontend Developer
4,3,4,2,2,4,2,2,3,3,9.5,5,31,34,24,Frontend Developer
4,4,4,2,3,2,4,4,3,4,7.37,3,40,10,11,Frontend Developer
3,2,4,4,3,2,4,3,2,5,7.39,4,107,64,6,Frontend Developer
2,2,5,2,4,4,4,4,3,5,8.2,5,47,21,10,Frontend Developer
3,4,4,2,2,2,2,4,4,4,9.22,4,94,46,20,Frontend Developer
2,3,5,3,4,2,4,3,4,4,7.41,3,23,69,19,Frontend Developer
4,4,5,4,2,3,3,4,4,3,8.16,3,63,32,11,Frontend Developer
3,4,4,3,3,3,4,2,4,3,8.82,4,29,15,6,Frontend Developer
4,3,4,3,3,3,4,4,4,2,6.54,4,32,80,27,Frontend Developer
2,4,4,4,3,2,4,4,4,4,6.71,6,22,38,22,Frontend Developer
5,2,4,3,5,3,3,3,4,3,8.54,4,87,68,17,Frontend Developer
2,2,5,3,2,4,3,3,3,4,7.77,3,24,70,8,Frontend Developer
2,2,4,4,4,4,4,2,4,2,9.22,5,34,13,23,Frontend Developer
2,4,5,3,2,4,4,2,3,2,6.97,4,86,75,30,Frontend Developer
4,4,5,3,2,3,3,3,3,4,6.98,5,116,26,16,Frontend Developer
2,3,4,4,4,3,4,4,4,5,8.31,3,64,37,27,Frontend Developer
4,2,4,3,3,3,4,4,4,4,6.77,5,86,72,29,Frontend Developer
4,2,5,4,3,3,3,3,4,2,7.05,4,120,40,21,Frontend Developer
4,4,4,4,2,4,4,3,4,5,7.31,4,116,30,22,Frontend Developer
2,2,4,4,3,3,2,2,2,5,8.9,6,62,40,10,Frontend Developer
4,4,5,2,4,4,4,3,3,2,9.04,3,26,51,10,Frontend Developer
3,4,5,4,4,4,4,2,3,3,9.15,4,76,23,13,Frontend Developer
3,3,4,3,5,3,4,2,3,3,7.86,6,41,58,13,Frontend Developer
2,2,4,4,4,2,3,3,2,2,8.24,4,89,48,23,Frontend Developer
4,2,5,3,2,3,4,3,2,4,8.38,5,89,28,17,Frontend Developer
3,3,5,4,3,2,3,2,4,3,8.36,6,70,49,12,Frontend Developer
3,3,4,3,2,2,2,2,3,3,7.78,3,75,45,10,Frontend Developer
3,2,5,2,2,3,4,2,4,4,8.98,6,108,59,20,Frontend Developer
4,2,3,5,4,4,4,4,5,2,9.41,5,69,25,10,Data Analyst
2,4,2,4,2,4,2,3,4,2,7.54,2,101,65,30,Data Analyst
4,2,2,5,3,3,2,3,5,4,6.72,3,21,57,17,Data Analyst
2,4,2,5,2,4,4,4,4,3,7.5,4,99,44,11,Data Analyst
2,4,4,5,4,3,4,2,5,5,9.25,3,45,78,10,Data Analyst
2,4,3,4,3,3,2,4,4,4,8.9,2,70,36,15,Data Analyst
4,3,2,5,5,3,2,3,5,3,6.92,2,71,80,15,Data Analyst
2,2,3,4,3,3,4,4,5,5,6.97,4,56,33,6,Data Analyst
3,2,3,5,2,4,3,2,4,5,6.89,5,26,60,21,Data Analyst
3,4,4,5,3,4,4,3,4,4,7.29,5,28,44,18,Data Analyst
3,3,3,4,2,3,2,2,5,5,9.06,4,25,51,23,Data Analyst
2,3,2,5,4,2,3,3,4,5,8.3,4,74,33,19,Data Analyst
3,4,2,5,3,4,2,2,4,4,7.83,2,87,59,14,Data Analyst
3,4,2,5,4,2,4,4,4,2,9.3,3,120,73,16,Data Analyst
4,2,2,5,2,3,3,2,5,5,6.75,3,90,47,15,Data Analyst
2,4,4,5,4,2,4,3,5,3,9.34,1,61,45,18,Data Analyst
4,3,4,4,2,3,2,3,5,3,8.16,5,53,18,28,Data Analyst
2,3,4,4,3,3,2,4,4,3,8.34,4,36,46,8,Data Analyst
2,2,2,4,2,3,3,2,4,5,7.88,5,101,63,21,Data Analyst
2,3,4,4,3,2,3,2,5,3,6.72,5,68,37,20,Data Analyst
2,3,4,4,4,3,4,3,5,5,8.57,4,69,38,27,Data Analyst
4,2,2,5,3,2,3,4,5,4,7.79,1,68,75,27,Data Analyst
3,3,4,5,3,4,3,2,4,5,9.46,3,111,55,25,Data Analyst
3,3,3,5,3,3,2,4,4,5,6.51,1,110,30,21,Data Analyst
4,4,4,5,4,2,4,3,5,5,7.44,5,76,35,21,Data Analyst
4,3,2,5,4,2,3,2,4,2,9.45,1,68,29,22,Data Analyst
2,4,3,4,4,4,3,2,4,4,9.08,2,35,48,25,Data Analyst
2,4,4,4,4,2,3,3,4,3,6.7,5,107,65,11,Data Analyst
2,3,2,5,4,4,2,4,5,4,9.42,5,105,67,19,Data Analyst
5,4,3,4,3,3,4,4,4,5,8.4,2,54,35,6,Data Analyst
4,2,4,5,3,4,4,4,4,4,6.59,3,51,17,25,Data Analyst
2,4,2,5,4,3,2,3,4,4,9.37,1,21,70,10,Data Analyst
2,4,4,4,3,3,4,3,4,2,7.04,1,82,13,18,Data Analyst
3,4,2,5,2,2,3,3,4,4,8.87,2,67,35,9,Data Analyst
3,2,3,4,4,2,2,3,5,2,6.92,1,23,57,10,Data Analyst
3,2,3,4,4,2,3,4,4,2,8.27,4,62,62,5,Data Analyst
2,3,3,4,4,2,3,4,4,2,8.16,2,91,63,7,Data Analyst
2,3,4,5,3,2,2,3,4,4,7.51,5,103,76,9,Data Analyst
4,2,4,5,5,2,2,3,5,5,7.62,4,74,37,11,Data Analyst
3,2,2,4,3,4,2,4,4,4,9.45,1,50,31,14,Data Analyst
4,3,3,4,3,2,3,2,4,3,9.11,2,92,24,11,Data Analyst
4,3,3,5,4,2,2,2,4,3,8.0,2,35,59,17,Data Analyst
3,3,2,5,3,2,3,4,4,2,6.65,5,110,61,28,Data Analyst
4,4,4,5,4,2,3,3,5,4,8.99,4,31,36,9,Data Analyst
3,2,2,4,2,2,3,4,5,5,6.64,2,52,64,17,Data Analyst
5,4,3,5,4,4,3,4,4,3,7.42,4,34,10,18,Data Analyst
3,3,2,4,2,3,3,3,5,4,8.41,3,22,80,22,Data Analyst
3,4,2,5,2,2,2,4,4,4,7.53,5,26,69,30,Data Analyst
3,2,4,4,5,3,4,2,4,3,9.23,5,57,14,15,Data Analyst
4,4,3,4,2,3,3,2,4,5,7.96,1,85,42,30,Data Analyst
4,2,4,5,4,2,2,4,5,4,6.94,1,108,56,15,Data Analyst
3,2,2,5,3,2,3,3,4,2,6.62,4,109,46,12,Data Analyst
2,3,4,5,3,4,3,2,5,4,7.36,1,120,39,5,Data Analyst
4,4,4,4,2,4,4,2,5,3,8.62,3,48,31,27,Data Analyst
4,3,3,5,2,2,2,2,4,4,8.93,3,111,40,22,Data Analyst
3,2,4,4,2,3,3,4,4,3,8.41,4,98,68,21,Data Analyst
2,3,2,4,4,3,4,4,5,3,7.37,2,105,70,22,Data Analyst
3,2,4,4,3,2,3,2,5,3,8.26,2,66,23,12,Data Analyst
4,3,2,4,3,4,3,2,4,4,8.95,4,46,56,10,Data Analyst
4,4,3,4,2,3,4,4,4,3,8.26,3,50,19,26,Data Analyst
3,2,2,5,4,3,3,4,5,4,7.83,4,114,16,9,Data Analyst
4,3,2,4,4,4,4,3,5,3,9.36,4,92,40,5,Data Analyst
3,4,2,5,2,2,4,3,5,3,8.88,4,31,11,7,Data Analyst
3,4,4,4,2,3,3,2,5,2,8.06,3,61,50,18,Data Analyst
3,3,4,4,2,2,4,3,4,2,8.85,2,82,10,19,Data Analyst
3,2,3,5,4,2,3,3,5,5,7.58,4,40,75,10,Data Analyst
2,2,2,4,4,3,2,2,4,3,8.91,5,23,35,6,Data Analyst
3,3,4,5,4,3,3,4,5,5,7.77,2,31,46,29,Data Analyst
4,2,4,5,3,3,2,3,4,5,6.86,2,106,10,16,Data Analyst
4,3,2,5,4,3,3,3,4,2,8.91,1,24,41,12,Data Analyst
4,3,2,4,3,4,4,2,4,2,8.28,1,110,71,7,Data Analyst
2,4,4,5,3,3,2,3,4,2,7.13,4,49,21,15,Data Analyst
3,4,2,5,2,4,3,2,4,4,7.65,3,33,34,16,Data Analyst
3,3,3,4,2,3,2,2,4,3,8.32,4,21,30,10,Data Analyst
2,3,2,4,5,2,4,4,5,4,7.39,5,55,26,29,Data Analyst
4,2,3,5,2,3,2,3,4,4,6.65,4,77,44,30,Data Analyst
2,2,3,4,2,2,3,3,5,2,8.17,3,44,68,9,Data Analyst
3,3,3,4,2,3,2,2,5,2,8.14,2,64,64,5,Data Analyst
2,4,4,4,2,2,2,4,4,2,9.36,4,36,47,25,Data Analyst
2,2,2,5,3,3,3,4,4,4,7.32,4,72,76,16,Data Analyst
3,3,2,4,4,3,2,3,5,4,8.08,1,68,17,19,Data Analyst
2,2,4,5,4,3,2,3,5,2,7.79,4,104,40,6,Data Analyst
4,2,2,5,4,2,3,4,5,5,7.71,3,76,75,9,Data Analyst
4,3,2,5,3,2,4,4,4,4,8.26,4,85,18,5,Data Analyst
3,2,3,4,3,3,3,3,4,4,8.3,2,33,63,16,Data Analyst
4,3,3,4,3,3,2,4,5,3,8.9,3,49,46,22,Data Analyst
3,2,3,4,4,3,4,3,5,2,7.91,4,69,66,10,Data Analyst
4,2,3,4,4,4,2,4,4,5,7.66,5,45,35,11,Data Analyst
3,4,4,4,4,4,4,4,4,2,6.83,2,65,42,26,Data Analyst
2,4,3,5,3,3,2,3,5,5,6.84,2,70,42,8,Data Analyst
3,3,4,5,2,3,4,3,5,5,7.82,4,109,79,26,Data Analyst
4,3,4,5,3,4,2,4,4,4,9.0,1,72,75,6,Data Analyst
3,2,4,5,4,2,4,4,5,4,7.69,3,59,18,16,Data Analyst
3,4,3,5,2,3,2,3,5,4,8.05,3,91,32,25,Data Analyst
2,4,3,4,2,3,3,3,4,3,7.44,5,57,79,30,Data Analyst
3,2,2,4,4,4,3,2,5,2,9.46,3,107,39,23,Data Analyst
3,2,2,4,4,4,2,4,4,2,7.15,4,109,79,21,Data Analyst
4,3,3,5,3,4,3,2,5,5,8.74,4,63,75,27,Data Analyst
3,4,3,5,4,4,4,3,4,3,9.1,1,71,22,18,Data Analyst
4,4,2,4,4,3,4,4,5,3,9.1,2,60,59,6,Data Analyst
5,2,2,2,2,4,2,4,4,3,7.1,1,63,47,24,Data Scientist
4,3,3,2,2,2,4,3,4,5,8.77,2,27,34,16,Data Scientist
4,4,3,2,4,2,2,3,4,2,6.9,3,89,20,25,Data Scientist
4,2,3,3,3,4,3,2,5,3,8.44,2,85,43,37,Data Scientist
5,2,2,2,4,3,4,4,5,5,8.85,5,54,64,28,Data Scientist
5,3,3,2,4,2,3,3,5,2,8.89,3,71,77,15,Data Scientist
5,4,4,2,2,2,4,4,4,2,8.43,5,58,14,38,Data Scientist
4,4,4,2,4,3,3,3,5,2,8.82,1,97,37,18,Data Scientist
5,3,3,3,3,3,3,2,4,3,7.51,5,108,47,34,Data Scientist
4,4,2,2,3,3,4,3,5,5,8.26,3,100,13,28,Data Scientist
4,2,4,3,2,3,2,4,4,4,7.13,5,59,52,15,Data Scientist
4,2,4,2,3,4,4,2,4,2,8.88,3,52,21,20,Data Scientist
5,3,2,4,4,3,3,2,4,3,9.16,5,114,12,23,Data Scientist
3,3,2,2,4,4,2,2,4,3,6.9,5,90,80,32,Data Scientist
4,3,3,4,4,3,2,4,4,3,7.34,1,74,57,33,Data Scientist
4,2,3,2,3,3,2,4,5,4,7.49,3,118,15,26,Data Scientist
5,4,2,3,2,3,4,3,4,4,6.76,4,102,24,17,Data Scientist
5,3,4,3,3,3,2,3,4,2,7.86,5,79,50,31,Data Scientist
5,3,2,2,4,4,4,2,5,3,7.61,5,46,64,15,Data Scientist
5,3,4,4,4,2,4,2,5,5,8.45,2,55,44,27,Data Scientist
4,3,2,3,2,2,2,2,5,3,6.97,4,79,22,15,Data Scientist
5,4,4,2,3,4,3,2,5,5,9.01,2,30,59,28,Data Scientist
5,4,2,4,4,3,3,3,5,2,6.85,4,100,75,20,Data Scientist
5,2,2,4,3,2,4,3,5,2,6.66,1,76,17,29,Data Scientist
4,4,3,2,4,2,3,3,4,5,8.08,1,58,19,16,Data Scientist
4,3,4,4,5,2,3,2,5,4,7.6,2,120,71,33,Data Scientist
4,3,2,2,4,4,4,4,5,3,7.19,2,51,41,30,Data Scientist
5,2,4,2,4,4,2,4,4,3,7.17,5,101,46,21,Data Scientist
5,4,4,3,2,3,3,4,4,3,8.56,5,56,51,23,Data Scientist
4,3,2,2,3,2,2,4,5,2,7.11,1,97,14,28,Data Scientist
4,3,2,3,4,2,3,2,5,2,8.44,3,61,35,20,Data Scientist
4,3,2,4,5,4,2,3,4,5,7.29,4,25,72,20,Data Scientist
4,3,3,4,2,4,4,2,4,2,9.42,2,44,76,19,Data Scientist
4,2,4,2,2,3,4,2,4,3,6.62,4,78,37,37,Data Scientist
4,2,3,3,4,2,4,4,5,2,6.86,3,35,66,20,Data Scientist
5,2,3,3,4,2,2,4,5,5,8.3,4,101,32,40,Data Scientist
4,2,2,2,3,2,4,2,5,2,7.1,5,118,55,16,Data Scientist
4,3,2,3,4,2,4,4,5,2,8.97,4,109,35,29,Data Scientist
5,2,3,4,3,2,2,4,4,2,9.27,4,34,74,15,Data Scientist
5,3,3,4,2,3,3,3,4,4,7.4,3,30,26,22,Data Scientist
5,4,4,2,4,3,2,4,5,5,9.29,5,21,41,36,Data Scientist
4,4,3,2,3,4,2,3,4,4,8.38,3,81,38,16,Data Scientist
5,4,4,2,3,3,3,2,4,4,6.98,1,35,20,36,Data Scientist
5,4,4,4,2,2,2,4,5,4,7.24,1,116,30,27,Data Scientist
5,4,3,2,4,3,3,2,5,4,8.77,2,98,79,34,Data Scientist
5,3,4,2,2,2,2,3,5,5,9.18,1,78,75,20,Data Scientist
4,2,4,3,4,3,4,3,4,2,6.68,2,69,71,32,Data Scientist
5,3,2,4,4,3,4,3,5,2,8.08,1,89,54,24,Data Scientist
5,3,3,3,4,4,3,2,5,4,9.0,4,101,34,39,Data Scientist
5,3,2,3,3,4,4,4,4,3,9.02,1,75,41,34,Data Scientist
5,4,3,3,3,3,2,2,4,2,9.41,4,119,13,33,Data Scientist
4,4,3,2,4,3,3,2,4,4,7.93,1,118,79,28,Data Scientist
5,2,2,4,4,2,3,4,4,2,6.83,3,93,72,19,Data Scientist
4,3,3,3,2,4,2,4,5,2,6.53,3,27,60,16,Data Scientist
4,4,4,3,4,3,3,2,4,4,9.23,4,70,16,33,Data Scientist
4,3,3,4,2,3,4,2,5,3,8.43,1,88,70,22,Data Scientist
4,3,4,3,4,2,2,4,4,5,9.39,3,97,26,29,Data Scientist
4,2,4,4,4,4,2,2,4,4,9.38,3,32,35,24,Data Scientist
5,4,3,3,4,2,3,3,5,4,7.46,4,47,29,20,Data Scientist
4,2,2,3,3,2,4,2,4,4,8.56,1,72,76,16,Data Scientist
5,2,2,4,2,4,4,3,5,4,6.61,5,94,60,19,Data Scientist
5,4,2,2,3,4,3,4,4,4,7.93,5,64,72,35,Data Scientist
4,3,2,4,3,4,4,4,5,3,9.05,4,92,77,38,Data Scientist
4,3,4,4,4,2,4,3,5,5,8.84,3,35,51,36,Data Scientist
4,4,4,4,2,3,3,4,5,2,8.82,5,93,71,27,Data Scientist
3,2,4,4,3,2,2,2,5,2,8.89,5,32,57,18,Data Scientist
5,4,4,3,3,3,2,2,4,5,8.23,2,26,31,34,Data Scientist
5,2,4,4,3,3,4,2,4,2,8.36,3,117,54,18,Data Scientist
4,3,2,4,3,2,3,2,4,4,8.68,5,69,67,15,Data Scientist
4,3,4,2,2,3,2,2,5,3,7.68,3,113,75,40,Data Scientist
4,3,2,4,2,4,3,2,4,3,7.2,1,96,60,37,Data Scientist
4,4,3,3,4,4,4,4,5,2,9.19,5,31,80,22,Data Scientist
4,4,4,4,2,3,4,2,5,4,7.29,3,86,37,36,Data Scientist
5,3,3,2,3,2,2,4,5,5,8.23,3,70,48,40,Data Scientist
4,2,4,3,4,2,2,3,5,2,7.71,1,35,28,27,Data Scientist
5,3,3,3,3,4,3,4,5,2,8.56,4,31,48,35,Data Scientist
4,4,3,4,2,2,4,4,5,2,7.66,1,60,19,20,Data Scientist
4,2,2,4,4,4,3,4,4,3,6.66,4,79,37,33,Data Scientist
5,4,2,3,3,3,2,3,5,5,7.46,4,38,52,15,Data Scientist
4,3,3,2,4,2,3,3,4,5,9.03,3,113,35,20,Data Scientist
5,4,4,3,2,4,2,3,4,5,8.62,4,50,14,35,Data Scientist
4,3,4,4,3,4,4,3,5,2,7.28,1,81,33,22,Data Scientist
4,3,3,4,3,2,3,2,5,3,8.39,5,75,46,15,Data Scientist
4,2,2,3,4,3,4,2,5,5,8.76,2,78,30,15,Data Scientist
5,2,2,3,4,4,2,3,4,5,6.78,4,76,31,24,Data Scientist
5,2,3,4,4,4,4,3,5,2,9.09,4,119,63,23,Data Scientist
4,2,4,2,2,3,2,2,5,2,8.24,4,79,40,24,Data Scientist
4,2,2,2,2,3,4,2,4,2,6.98,1,26,40,21,Data Scientist
4,3,2,3,3,4,4,2,5,3,9.03,5,43,59,27,Data Scientist
4,4,3,4,3,4,4,2,5,4,8.49,2,44,63,19,Data Scientist
3,2,2,4,4,4,4,2,4,5,8.46,5,115,42,35,Data Scientist
5,3,3,4,4,4,2,4,4,2,7.12,2,26,35,37,Data Scientist
4,4,3,2,4,3,2,4,4,4,7.07,3,72,13,26,Data Scientist
4,3,2,2,4,2,3,3,4,5,9.12,1,39,12,27,Data Scientist
4,2,2,2,2,3,3,3,5,4,7.61,2,93,15,39,Data Scientist
5,3,2,4,2,2,3,4,4,2,7.54,3,102,39,20,Data Scientist
4,3,3,2,3,4,2,2,4,2,9.23,2,34,50,24,Data Scientist
5,3,4,2,2,2,2,2,4,3,6.8,5,65,64,36,Data Scientist
4,4,2,2,2,4,4,4,5,2,8.85,4,91,34,33,Data Scientist
5,3,3,2,4,3,2,2,5,2,6.66,2,85,27,35,Data Scientist
2,3,4,4,2,4,3,5,2,4,7.92,2,36,70,17,Cloud Engineer
3,2,2,4,4,5,4,4,2,4,6.81,1,28,55,11,Cloud Engineer
4,4,4,2,2,5,2,4,4,4,7.74,4,116,65,24,Cloud Engineer
2,2,2,2,2,5,2,5,3,4,8.63,5,107,36,6,Cloud Engineer
3,4,3,2,2,5,3,4,4,2,7.99,3,42,24,7,Cloud Engineer
2,4,4,4,3,4,3,4,4,2,7.67,2,42,78,26,Cloud Engineer
2,4,4,3,3,4,4,4,2,5,8.42,4,44,15,29,Cloud Engineer
2,3,4,4,3,5,4,5,2,5,9.28,3,99,52,23,Cloud Engineer
4,2,4,3,3,5,4,5,2,5,7.59,4,46,28,12,Cloud Engineer
5,2,3,2,2,4,3,4,4,4,8.57,2,118,30,7,Cloud Engineer
3,2,2,2,2,4,3,4,3,5,8.39,5,45,35,18,Cloud Engineer
3,3,4,2,4,5,4,5,3,2,7.28,5,37,52,21,Cloud Engineer
4,4,4,4,3,4,3,4,4,2,7.73,5,82,67,26,Cloud Engineer
4,4,3,2,3,4,4,4,3,5,8.51,4,99,21,24,Cloud Engineer
2,3,3,3,3,5,2,5,2,3,6.67,1,42,45,20,Cloud Engineer
4,4,2,4,2,4,3,4,2,2,8.05,4,64,23,6,Cloud Engineer
2,3,3,4,3,4,4,4,2,5,9.01,5,45,33,27,Cloud Engineer
3,3,2,4,4,4,4,4,3,2,7.17,2,44,35,15,Cloud Engineer
3,4,3,3,4,4,2,5,3,2,7.02,1,98,30,25,Cloud Engineer
2,3,2,4,4,4,3,5,3,4,7.12,3,31,37,7,Cloud Engineer
4,2,2,2,4,4,3,5,4,4,6.95,5,56,58,8,Cloud Engineer
4,2,3,4,4,5,4,4,3,4,8.56,2,70,76,19,Cloud Engineer
2,3,2,3,2,5,2,5,4,3,8.89,3,120,56,25,Cloud Engineer
4,4,3,3,4,4,2,5,3,3,7.77,1,50,12,6,Cloud Engineer
4,4,3,3,3,5,2,5,3,5,8.39,2,88,14,18,Cloud Engineer
2,3,4,2,3,4,3,5,2,5,7.26,5,65,32,9,Cloud Engineer
3,3,2,3,2,4,4,5,4,4,8.35,3,32,28,21,Cloud Engineer
3,3,3,2,5,5,2,5,2,3,7.11,3,90,11,20,Cloud Engineer
2,4,2,2,4,4,2,5,2,2,8.79,4,44,62,13,Cloud Engineer
3,2,3,4,2,4,2,5,4,4,8.84,4,103,28,24,Cloud Engineer
4,2,4,2,2,5,2,4,4,5,9.33,5,51,66,19,Cloud Engineer
4,4,4,2,4,5,3,5,4,4,8.44,1,85,27,21,Cloud Engineer
4,4,4,3,2,5,3,5,4,3,9.16,3,36,36,14,Cloud Engineer
4,3,3,4,2,5,2,5,4,2,8.05,4,73,13,26,Cloud Engineer
3,3,2,2,4,4,3,5,2,5,7.87,4,23,36,17,Cloud Engineer
2,3,4,3,3,4,3,4,3,4,7.23,1,31,51,19,Cloud Engineer
4,4,3,2,3,4,4,5,3,3,7.95,1,23,65,27,Cloud Engineer
4,3,4,2,2,5,3,5,4,2,8.69,4,59,29,10,Cloud Engineer
2,3,2,2,3,5,4,5,4,5,8.53,1,87,10,28,Cloud Engineer
4,4,2,3,3,4,2,4,2,4,7.46,5,99,17,28,Cloud Engineer
2,3,4,3,2,5,3,5,3,3,7.52,2,31,14,23,Cloud Engineer
5,2,2,2,2,5,3,4,3,3,9.3,2,92,27,20,Cloud Engineer
4,2,2,3,3,5,2,5,2,4,6.68,5,51,70,16,Cloud Engineer
2,4,3,3,2,4,3,5,2,2,8.37,2,73,25,6,Cloud Engineer
4,4,2,4,3,5,2,4,4,5,9.43,5,71,45,5,Cloud Engineer
3,3,2,2,2,4,2,4,2,5,9.1,5,109,56,22,Cloud Engineer
2,2,3,3,2,5,4,4,3,3,9.42,4,85,24,17,Cloud Engineer
3,3,2,3,3,4,4,5,2,2,7.55,3,55,32,26,Cloud Engineer
3,3,4,4,4,4,2,5,3,3,7.03,4,115,73,6,Cloud Engineer
3,3,4,2,2,4,2,4,3,4,8.37,2,47,38,10,Cloud Engineer
2,3,3,2,3,5,4,5,3,4,8.17,2,41,14,21,Cloud Engineer
4,3,3,3,4,4,2,5,2,2,9.03,3,80,13,7,Cloud Engineer
4,2,4,4,4,5,2,5,4,3,6.65,3,116,77,23,Cloud Engineer
4,2,3,3,3,4,2,4,4,4,8.39,3,106,59,26,Cloud Engineer
3,2,2,4,2,5,3,5,4,5,8.1,2,77,33,30,Cloud Engineer
4,4,4,2,3,4,2,4,3,2,7.59,2,96,58,16,Cloud Engineer
2,2,4,2,4,5,2,5,3,3,7.0,5,22,38,21,Cloud Engineer
3,4,2,3,2,4,3,5,4,4,8.54,3,56,35,22,Cloud Engineer
2,3,4,3,2,4,2,4,4,4,7.87,3,114,18,15,Cloud Engineer
4,3,3,2,3,4,3,4,2,4,7.68,3,101,39,13,Cloud Engineer
3,4,3,4,4,5,2,5,3,5,6.62,1,72,78,6,Cloud Engineer
3,4,3,3,4,4,2,4,3,3,7.17,3,109,42,25,Cloud Engineer
3,4,3,4,2,4,4,5,4,2,8.08,2,84,61,29,Cloud Engineer
3,3,2,3,4,5,3,4,4,2,7.23,1,47,30,28,Cloud Engineer
4,4,2,3,3,5,3,4,4,4,8.73,4,54,30,14,Cloud Engineer
2,4,4,4,4,4,3,4,4,3,6.53,2,117,33,5,Cloud Engineer
5,2,3,2,4,5,2,4,3,5,8.72,3,97,43,7,Cloud Engineer
3,3,2,3,4,5,2,4,2,3,9.02,2,21,80,5,Cloud Engineer
3,3,4,3,4,4,3,5,4,5,9.45,5,97,37,18,Cloud Engineer
3,4,3,2,4,5,4,5,3,2,6.59,4,93,67,18,Cloud Engineer
2,3,3,3,4,4,2,5,3,4,7.74,3,112,45,17,Cloud Engineer
2,3,4,3,3,4,3,4,4,2,8.75,4,73,17,27,Cloud Engineer
3,2,2,2,2,4,4,5,2,5,7.9,5,114,73,21,Cloud Engineer
2,2,3,4,4,5,4,5,4,4,9.3,1,112,73,7,Cloud Engineer
2,2,4,2,3,4,3,5,2,4,7.06,1,34,41,30,Cloud Engineer
4,4,2,4,2,4,3,4,2,4,7.42,5,120,28,12,Cloud Engineer
2,2,3,3,2,4,2,4,2,3,6.54,5,88,71,26,Cloud Engineer
3,4,4,2,3,5,2,4,2,5,9.28,2,27,50,15,Cloud Engineer
3,3,4,2,2,5,4,4,4,3,8.66,1,109,51,7,Cloud Engineer
2,4,2,4,2,4,2,4,3,4,9.38,5,118,14,14,Cloud Engineer
2,4,3,2,2,5,2,5,2,4,7.32,4,31,32,25,Cloud Engineer
4,2,4,4,2,4,3,4,2,4,7.94,4,24,78,9,Cloud Engineer
2,2,2,2,4,4,2,4,2,5,7.33,5,105,41,19,Cloud Engineer
2,4,4,3,3,5,4,4,3,3,8.65,4,34,61,9,Cloud Engineer
5,4,2,4,4,5,4,5,2,3,8.81,4,115,35,27,Cloud Engineer
2,2,4,3,4,4,4,5,4,3,7.24,2,93,24,21,Cloud Engineer
2,4,4,3,4,5,4,4,3,3,7.64,5,70,37,19,Cloud Engineer
4,4,2,4,4,4,4,5,4,3,8.52,5,73,59,16,Cloud Engineer
3,4,2,3,2,4,4,4,4,4,6.55,5,103,23,5,Cloud Engineer
2,2,2,4,3,5,2,5,3,2,8.55,1,24,22,23,Cloud Engineer
2,3,2,2,5,4,4,4,4,3,7.84,1,69,36,30,Cloud Engineer
2,2,3,2,4,4,2,5,4,3,6.61,3,57,50,22,Cloud Engineer
3,3,3,2,3,4,3,5,2,4,7.73,5,72,55,17,Cloud Engineer
3,3,2,3,2,4,3,4,2,5,8.51,1,57,75,13,Cloud Engineer
4,2,4,4,4,4,2,4,4,4,7.26,2,27,49,15,Cloud Engineer
4,2,3,3,2,5,4,5,3,3,7.72,4,89,69,14,Cloud Engineer
3,2,4,3,2,4,2,5,4,5,7.19,2,112,66,6,Cloud Engineer
2,4,3,4,4,5,3,4,2,5,7.63,2,116,70,29,Cloud Engineer
4,3,3,3,3,4,3,5,4,2,8.41,1,60,77,20,Cloud Engineer
4,2,4,2,2,4,2,4,2,5,7.54,4,116,64,23,Cloud Engineer
3,4,3,2,4,3,5,4,3,5,7.57,3,52,40,13,DevOps Engineer
4,4,4,2,4,3,5,3,3,3,8.83,5,95,35,7,DevOps Engineer
4,2,3,4,2,4,5,3,2,4,8.09,1,115,38,6,DevOps Engineer
2,2,4,4,2,3,5,2,2,5,8.81,1,21,25,27,DevOps Engineer
3,4,4,3,2,3,4,3,4,4,8.39,5,113,71,26,DevOps Engineer
3,4,2,3,3,5,4,4,4,4,7.66,5,85,33,6,DevOps Engineer
3,3,3,3,3,3,4,2,3,2,9.42,2,60,23,28,DevOps Engineer
4,4,3,2,4,5,5,4,3,2,8.38,4,48,79,25,DevOps Engineer
2,4,2,3,5,5,5,4,2,3,6.52,5,37,11,18,DevOps Engineer
4,3,4,3,3,5,4,4,3,2,8.43,3,28,66,15,DevOps Engineer
4,2,2,2,3,5,4,4,4,4,6.88,5,22,16,15,DevOps Engineer
2,4,2,4,2,3,4,2,3,2,8.48,5,24,39,5,DevOps Engineer
3,3,4,2,4,3,5,4,4,4,8.89,1,57,65,18,DevOps Engineer
3,2,2,4,2,5,4,4,4,4,7.13,1,94,33,26,DevOps Engineer
4,4,4,3,2,3,5,4,4,3,6.73,1,81,27,28,DevOps Engineer
4,2,3,3,2,3,5,2,4,5,8.69,5,88,19,10,DevOps Engineer
4,3,2,4,2,4,4,2,3,2,6.54,2,22,39,30,DevOps Engineer
2,3,2,3,4,4,4,2,3,4,7.22,2,55,73,8,DevOps Engineer
3,4,4,2,4,5,5,3,4,2,8.66,1,106,42,12,DevOps Engineer
2,3,3,2,4,3,4,2,3,3,7.42,5,65,60,15,DevOps Engineer
4,3,4,3,4,3,5,3,3,3,8.81,2,91,65,15,DevOps Engineer
3,2,2,2,2,5,4,2,3,5,7.02,3,116,22,23,DevOps Engineer
3,3,3,4,4,3,5,3,3,4,8.11,1,64,56,8,DevOps Engineer
5,4,4,4,2,4,4,3,3,3,8.33,1,60,68,11,DevOps Engineer
2,3,3,3,4,4,4,2,2,4,6.55,1,104,30,5,DevOps Engineer
4,3,3,3,2,5,5,4,3,2,8.12,5,96,10,18,DevOps Engineer
4,2,3,4,4,3,4,2,2,4,7.77,3,76,58,14,DevOps Engineer
2,3,3,3,3,3,5,4,4,3,7.98,2,119,46,7,DevOps Engineer
4,2,2,2,4,3,4,2,4,5,8.8,3,24,59,19,DevOps Engineer
4,3,2,3,2,4,5,2,2,5,7.21,4,78,33,24,DevOps Engineer
4,3,2,3,3,3,5,4,4,4,7.15,4,80,73,10,DevOps Engineer
3,4,4,3,2,3,5,3,4,2,6.75,4,81,20,11,DevOps Engineer
4,4,3,3,3,3,4,3,4,2,7.94,1,25,73,11,DevOps Engineer
2,4,2,3,4,4,5,4,2,5,8.2,4,59,22,28,DevOps Engineer
4,2,2,4,4,4,4,3,4,4,8.95,1,34,56,8,DevOps Engineer
3,3,2,3,2,5,5,2,3,5,7.71,5,21,40,8,DevOps Engineer
2,2,2,4,3,4,4,2,4,5,7.74,3,74,42,20,DevOps Engineer
2,3,4,3,3,5,5,3,4,5,8.57,5,51,44,6,DevOps Engineer
2,2,2,4,3,3,4,4,2,5,7.53,4,113,12,7,DevOps Engineer
4,4,2,2,2,3,5,2,3,2,9.43,4,54,56,14,DevOps Engineer
2,4,4,2,4,4,5,4,2,5,7.47,4,97,55,24,DevOps Engineer
4,2,4,2,3,3,5,4,4,3,7.87,4,47,69,9,DevOps Engineer
3,3,3,4,3,5,5,2,3,4,7.25,3,86,52,23,DevOps Engineer
3,4,4,4,4,3,5,3,4,5,8.37,4,23,52,23,DevOps Engineer
2,4,4,2,3,5,5,3,3,3,8.88,1,42,72,23,DevOps Engineer
3,2,3,2,4,3,4,2,2,3,7.42,3,96,37,26,DevOps Engineer
4,2,3,4,3,4,4,2,2,4,7.99,5,39,76,12,DevOps Engineer
2,3,2,2,4,5,4,2,2,5,8.21,2,27,11,27,DevOps Engineer
3,4,3,4,2,4,5,2,2,2,7.57,1,117,13,11,DevOps Engineer
3,2,4,3,3,3,4,4,4,3,9.22,3,82,39,27,DevOps Engineer
2,3,4,2,3,3,5,2,3,3,7.39,3,42,36,29,DevOps Engineer
4,3,2,2,4,3,5,2,2,4,7.5,3,55,12,17,DevOps Engineer
4,3,3,2,4,3,5,4,4,5,8.22,3,78,24,14,DevOps Engineer
3,2,4,3,5,4,4,2,2,3,8.0,1,105,28,16,DevOps Engineer
2,4,4,4,4,3,4,3,4,2,7.65,4,76,77,17,DevOps Engineer
4,3,2,2,3,4,5,3,2,3,8.96,3,86,71,30,DevOps Engineer
4,3,2,4,3,3,5,3,3,3,9.17,1,99,26,19,DevOps Engineer
4,4,4,4,3,3,4,2,2,3,7.58,2,34,26,7,DevOps Engineer
2,2,3,2,4,4,4,3,4,4,8.54,3,86,14,15,DevOps Engineer
2,4,4,2,2,5,5,2,4,5,6.73,4,52,14,21,DevOps Engineer
3,2,4,2,3,5,4,4,4,4,6.69,4,60,78,9,DevOps Engineer
2,2,3,2,4,3,5,2,4,3,8.78,2,84,44,17,DevOps Engineer
3,3,2,2,4,3,5,2,4,2,7.61,1,83,28,8,DevOps Engineer
4,3,4,4,2,5,5,2,2,3,7.52,2,113,48,30,DevOps Engineer
2,2,2,4,4,3,5,4,2,5,8.61,5,107,11,18,DevOps Engineer
4,2,2,3,4,3,4,2,3,2,9.17,1,48,17,25,DevOps Engineer
2,4,2,3,3,4,5,2,3,2,9.29,4,24,12,30,DevOps Engineer
2,2,2,3,3,5,4,4,2,5,9.44,2,92,77,19,DevOps Engineer
2,2,3,2,3,3,4,4,3,5,8.63,1,55,13,12,DevOps Engineer
3,2,3,4,4,3,4,2,3,5,7.7,2,55,45,23,DevOps Engineer
4,2,4,2,4,3,4,3,3,5,7.24,1,105,68,27,DevOps Engineer
4,3,2,4,4,4,5,4,4,4,6.89,2,94,31,14,DevOps Engineer
4,2,4,2,2,3,5,3,3,5,8.66,1,57,16,6,DevOps Engineer
4,4,2,2,4,3,5,4,2,2,8.65,3,64,44,29,DevOps Engineer
4,4,2,3,3,3,5,2,4,4,7.47,4,108,24,17,DevOps Engineer
3,4,2,2,3,4,4,2,3,2,7.87,1,95,57,22,DevOps Engineer
4,4,3,4,4,4,4,2,2,4,7.24,3,82,57,13,DevOps Engineer
3,2,4,3,2,3,5,3,2,5,9.31,5,102,65,30,DevOps Engineer
3,4,3,3,4,3,5,3,2,3,9.18,2,98,13,25,DevOps Engineer
2,2,3,2,3,3,4,2,3,2,7.7,3,97,67,23,DevOps Engineer
2,2,4,4,2,4,5,3,3,2,7.17,3,114,15,22,DevOps Engineer
2,3,2,4,3,4,4,4,3,3,7.3,1,120,65,9,DevOps Engineer
2,2,4,4,2,4,5,2,4,2,9.3,4,49,60,24,DevOps Engineer
3,4,4,4,2,4,5,4,4,2,8.77,2,33,76,20,DevOps Engineer
2,2,4,2,2,4,4,4,3,2,8.15,3,81,36,26,DevOps Engineer
3,3,4,4,3,4,5,2,2,4,8.6,1,75,56,25,DevOps Engineer
4,2,2,4,4,3,5,2,4,3,6.62,3,75,23,8,DevOps Engineer
2,3,3,2,2,5,4,3,2,4,7.95,4,94,61,28,DevOps Engineer
3,3,2,3,4,4,5,3,3,4,8.94,2,80,77,27,DevOps Engineer
2,2,3,3,3,5,4,2,3,3,7.46,3,83,16,20,DevOps Engineer
4,2,3,3,3,4,4,3,2,4,8.53,5,36,79,10,DevOps Engineer
4,3,4,3,4,3,4,4,3,5,7.62,1,115,34,30,DevOps Engineer
2,4,2,2,3,3,5,4,3,5,8.93,5,120,14,19,DevOps Engineer
4,4,2,4,2,4,4,2,4,4,8.44,2,33,21,22,DevOps Engineer
4,2,2,3,2,4,5,3,2,5,7.13,5,92,67,5,DevOps Engineer
4,4,4,2,4,5,4,4,2,2,7.11,1,82,29,9,DevOps Engineer
3,4,4,3,3,4,4,3,4,3,8.67,5,64,43,6,DevOps Engineer
4,2,4,2,3,4,5,2,2,3,9.18,2,46,23,6,DevOps Engineer
2,4,3,4,4,3,5,2,2,4,9.38,1,72,25,11,DevOps Engineer
2,2,2,2,3,5,5,2,3,3,8.58,3,46,15,30,DevOps Engineer
3,5,2,2,4,2,3,2,2,5,9.01,3,23,45,28,Mobile Developer
3,4,4,3,3,4,2,3,2,3,7.92,4,77,76,24,Mobile Developer
4,4,2,2,4,2,4,2,3,4,8.15,5,86,52,29,Mobile Developer
2,4,3,2,2,3,4,4,4,5,9.45,4,41,21,6,Mobile Developer
3,5,2,2,4,4,4,4,2,2,6.51,1,26,34,27,Mobile Developer
4,4,4,4,3,2,4,4,2,2,7.27,1,74,14,28,Mobile Developer
2,4,3,4,3,4,3,2,3,2,7.42,1,36,26,16,Mobile Developer
2,4,3,3,4,3,2,3,2,2,6.63,1,67,17,16,Mobile Developer
3,4,3,2,3,4,4,2,2,2,7.68,5,41,72,13,Mobile Developer
3,4,2,3,3,2,2,3,3,4,7.07,2,30,79,16,Mobile Developer
4,4,4,2,3,3,3,4,2,2,8.07,5,109,69,23,Mobile Developer
3,5,2,3,4,4,4,2,3,2,7.04,4,95,80,28,Mobile Developer
3,5,2,2,4,4,3,4,4,2,7.96,5,109,60,27,Mobile Developer
4,5,3,4,4,2,4,4,2,2,6.79,2,67,55,6,Mobile Developer
4,5,3,2,4,2,3,4,3,2,7.74,1,69,25,8,Mobile Developer
2,5,2,2,4,4,3,4,2,4,7.35,5,30,49,22,Mobile Developer
2,5,2,3,2,2,4,3,3,5,6.72,5,26,53,28,Mobile Developer
2,5,4,4,2,2,3,3,2,5,9.39,2,48,21,5,Mobile Developer
3,4,2,4,4,3,4,3,3,3,6.57,2,89,57,12,Mobile Developer
2,5,4,3,3,4,4,4,4,2,8.6,2,92,25,16,Mobile Developer
3,5,4,2,2,3,3,4,4,2,7.13,1,67,70,21,Mobile Developer
2,5,3,2,4,2,4,4,3,4,6.81,1,33,17,18,Mobile Developer
2,5,4,4,2,2,3,4,3,5,6.5,4,65,57,25,Mobile Developer
4,5,2,3,3,3,3,2,2,4,9.29,3,75,21,30,Mobile Developer
4,5,3,3,3,2,2,3,4,2,7.95,3,117,22,29,Mobile Developer
2,4,2,2,4,3,2,2,4,4,7.91,2,23,72,5,Mobile Developer
4,5,3,2,4,2,3,4,3,4,7.5,2,48,18,29,Mobile Developer
3,4,3,4,2,2,2,3,3,3,9.19,3,62,33,21,Mobile Developer
4,5,2,2,4,4,4,2,3,2,8.75,5,46,28,13,Mobile Developer
2,5,2,4,2,4,2,3,4,2,8.73,3,102,80,6,Mobile Developer
5,4,4,2,4,3,2,4,3,2,6.59,1,54,29,17,Mobile Developer
2,5,2,2,3,2,2,2,3,4,8.12,3,100,63,14,Mobile Developer
3,4,4,2,4,4,3,3,4,4,8.11,1,108,12,17,Mobile Developer
4,4,2,2,4,2,3,4,3,4,8.34,4,102,15,30,Mobile Developer
4,4,3,2,3,2,3,2,3,4,7.16,2,93,39,5,Mobile Developer
3,5,3,2,4,3,3,2,4,3,6.86,5,81,37,29,Mobile Developer
3,5,4,2,3,4,2,4,3,4,7.85,1,105,52,8,Mobile Developer
3,5,3,2,3,3,2,2,2,5,7.43,3,41,62,11,Mobile Developer
2,4,3,2,4,3,3,4,2,4,6.6,1,21,15,12,Mobile Developer
4,4,3,3,2,2,3,2,3,3,8.15,4,61,74,15,Mobile Developer
3,4,3,2,4,3,2,4,4,5,8.26,3,51,60,19,Mobile Developer
2,4,4,3,3,4,3,2,2,5,6.74,1,115,64,13,Mobile Developer
4,4,2,2,4,4,4,2,4,3,9.0,3,106,60,14,Mobile Developer
5,4,2,3,2,4,4,2,4,5,7.42,1,60,24,27,Mobile Developer
3,5,2,3,4,4,2,4,2,4,7.83,4,76,79,5,Mobile Developer
4,5,4,2,4,4,2,4,4,2,8.26,4,89,42,21,Mobile Developer
2,5,2,3,3,4,2,3,4,3,7.83,2,61,68,10,Mobile Developer
2,5,4,4,3,3,3,4,4,2,9.0,2,37,51,14,Mobile Developer
2,5,4,2,2,4,4,3,2,3,8.31,3,117,55,10,Mobile Developer
3,4,2,2,4,3,4,4,4,4,6.9,5,113,42,14,Mobile Developer
3,4,3,4,4,3,2,4,3,3,7.43,2,102,17,27,Mobile Developer
2,4,2,4,3,2,4,2,3,5,8.41,5,36,76,24,Mobile Developer
2,5,3,4,2,4,2,2,3,5,8.78,2,63,64,15,Mobile Developer
4,5,2,2,3,3,3,2,4,3,7.87,1,77,35,22,Mobile Developer
3,5,2,4,4,4,4,4,3,5,9.39,4,20,40,22,Mobile Developer
3,4,2,3,2,3,2,3,2,3,8.27,4,62,74,15,Mobile Developer
4,5,4,2,3,4,2,3,3,5,7.66,5,105,61,23,Mobile Developer
3,4,2,4,2,2,2,3,3,3,7.7,5,22,11,5,Mobile Developer
3,4,2,4,4,4,2,4,2,2,6.85,1,39,33,19,Mobile Developer
3,5,2,2,2,3,3,3,2,4,9.34,5,64,14,13,Mobile Developer
2,4,3,2,4,4,2,4,2,4,8.86,1,115,29,10,Mobile Developer
4,5,4,3,2,3,4,2,3,2,7.92,2,69,11,22,Mobile Developer
2,5,2,2,4,2,3,2,3,4,7.23,4,62,53,29,Mobile Developer
4,5,3,4,2,4,4,2,4,3,6.55,5,22,79,25,Mobile Developer
4,4,3,2,4,2,2,4,2,5,7.92,1,63,32,17,Mobile Developer
3,4,2,4,2,4,2,3,4,3,9.5,1,67,19,5,Mobile Developer
2,5,4,4,2,2,4,4,3,3,6.6,4,90,16,23,Mobile Developer
4,4,3,4,3,4,3,4,4,3,9.26,1,91,68,5,Mobile Developer
4,5,4,4,3,4,2,4,2,4,6.93,2,22,62,8,Mobile Developer
2,4,2,4,2,2,3,2,2,3,7.92,3,86,40,21,Mobile Developer
4,5,4,3,4,4,3,3,4,4,6.88,2,78,32,24,Mobile Developer
2,5,4,4,2,2,3,4,4,4,8.5,1,36,48,28,Mobile Developer
4,5,3,2,3,2,2,3,2,5,7.73,2,99,50,27,Mobile Developer
2,4,4,2,2,4,4,4,3,2,9.41,5,28,12,30,Mobile Developer
2,4,3,4,2,2,2,2,2,3,7.43,5,46,73,11,Mobile Developer
3,4,4,4,4,2,3,4,3,4,8.91,3,34,72,25,Mobile Developer
4,5,3,2,3,3,4,4,2,3,8.25,2,25,21,30,Mobile Developer
3,5,4,2,2,4,4,4,4,3,7.82,5,107,35,14,Mobile Developer
4,4,4,3,3,3,2,2,3,2,7.73,2,51,28,25,Mobile Developer
3,4,3,4,3,4,4,4,2,4,7.06,2,22,64,24,Mobile Developer
2,5,2,3,4,4,2,4,4,4,7.38,1,69,63,12,Mobile Developer
3,4,3,2,4,3,4,3,2,2,9.16,2,25,10,21,Mobile Developer
3,4,2,4,5,3,4,4,4,3,7.45,5,106,63,9,Mobile Developer
2,5,2,2,2,3,2,4,4,5,9.05,1,70,45,5,Mobile Developer
2,4,3,4,2,2,2,2,4,2,8.4,4,117,25,9,Mobile Developer
2,4,2,4,4,2,2,3,4,4,7.03,4,37,62,5,Mobile Developer
3,5,4,2,4,3,3,3,2,3,9.4,4,52,55,30,Mobile Developer
5,5,3,2,2,3,3,3,4,4,8.58,3,108,66,15,Mobile Developer
2,5,4,3,2,2,3,3,4,5,9.4,4,95,64,26,Mobile Developer
4,4,3,2,3,4,2,4,2,3,7.33,1,52,35,6,Mobile Developer
2,5,4,3,2,2,2,4,4,5,7.62,1,36,46,22,Mobile Developer
3,5,4,3,3,2,2,2,4,3,6.96,1,109,27,21,Mobile Developer
2,5,3,4,3,4,4,2,2,5,7.72,4,98,35,19,Mobile Developer
2,5,2,3,4,3,2,2,4,3,8.48,1,76,13,19,Mobile Developer
3,4,4,4,2,3,2,2,3,4,8.11,3,66,66,28,Mobile Developer
2,4,4,3,2,2,2,3,4,3,8.35,3,107,55,5,Mobile Developer
3,5,2,4,2,2,2,3,3,3,8.77,5,30,46,23,Mobile Developer
4,5,3,2,2,3,4,4,3,5,8.23,1,38,49,19,Mobile Developer
4,5,4,3,3,2,3,3,2,4,8.07,1,22,24,19,Mobile Developer
3,5,3,4,2,4,4,2,2,3,7.9,4,69,47,8,Mobile Developer
3,4,3,2,4,3,2,4,3,5,7.41,1,50,76,24,Cybersecurity Analyst
4,3,3,2,3,3,2,4,3,2,9.04,1,32,12,29,Cybersecurity Analyst
2,3,3,3,3,2,3,4,4,3,6.63,1,51,16,28,Cybersecurity Analyst
3,4,2,4,3,4,3,4,2,3,7.69,2,46,25,9,Cybersecurity Analyst
3,4,4,2,4,2,4,4,2,3,7.11,5,90,59,14,Cybersecurity Analyst
2,4,3,4,3,2,2,4,2,3,7.8,1,59,66,20,Cybersecurity Analyst
3,4,4,4,2,3,4,5,3,5,7.96,2,65,31,14,Cybersecurity Analyst
4,3,4,2,2,4,2,5,4,4,6.79,3,82,30,25,Cybersecurity Analyst
4,2,4,2,2,2,4,5,3,2,6.66,5,99,66,25,Cybersecurity Analyst
4,4,4,4,2,4,3,5,3,2,7.86,5,30,40,29,Cybersecurity Analyst
4,2,3,3,2,2,2,5,2,4,9.45,3,82,40,29,Cybersecurity Analyst
2,2,3,3,3,3,4,5,4,2,7.19,5,88,31,7,Cybersecurity Analyst
4,3,4,3,4,3,4,5,3,3,7.02,1,34,53,12,Cybersecurity Analyst
2,2,2,2,2,2,3,5,2,2,7.27,3,46,23,12,Cybersecurity Analyst
2,3,2,3,3,4,4,4,4,3,7.12,4,38,30,13,Cybersecurity Analyst
4,2,3,3,2,2,4,5,3,5,7.09,5,30,12,7,Cybersecurity Analyst
2,4,2,2,2,2,3,4,2,3,8.96,4,62,12,20,Cybersecurity Analyst
3,4,2,3,3,3,2,5,4,3,9.38,2,28,60,16,Cybersecurity Analyst
2,2,3,2,3,2,3,5,3,5,7.05,2,23,32,24,Cybersecurity Analyst
3,3,2,2,3,4,3,5,4,3,7.29,5,51,15,8,Cybersecurity Analyst
3,2,2,3,2,4,3,4,3,4,9.05,2,60,28,9,Cybersecurity Analyst
2,2,2,3,2,2,4,4,3,2,7.98,3,81,70,21,Cybersecurity Analyst
2,4,2,2,4,3,4,5,4,2,8.65,1,51,58,16,Cybersecurity Analyst
3,4,4,4,3,4,2,4,3,2,6.9,2,29,44,8,Cybersecurity Analyst
4,2,2,3,4,4,2,4,2,5,8.72,4,71,70,25,Cybersecurity Analyst
2,3,2,2,3,3,3,4,2,5,8.87,1,100,64,15,Cybersecurity Analyst
4,4,4,2,3,4,4,4,4,3,9.04,3,96,17,13,Cybersecurity Analyst
3,3,4,3,3,2,2,4,3,2,7.5,2,53,45,26,Cybersecurity Analyst
4,3,4,2,3,4,2,5,2,2,8.65,2,54,43,19,Cybersecurity Analyst
2,3,2,4,2,2,2,5,3,4,9.29,1,108,25,26,Cybersecurity Analyst
4,3,4,3,2,3,4,5,2,5,8.19,5,28,64,17,Cybersecurity Analyst
2,4,3,4,4,3,3,4,2,4,9.33,2,83,19,20,Cybersecurity Analyst
2,2,4,3,4,2,4,4,3,2,6.91,1,117,17,26,Cybersecurity Analyst
2,4,4,4,2,3,3,5,4,2,6.7,4,102,10,11,Cybersecurity Analyst
4,4,2,4,4,3,2,5,4,2,8.36,5,71,68,18,Cybersecurity Analyst
4,3,3,4,2,3,2,4,3,4,8.71,2,48,18,27,Cybersecurity Analyst
4,2,4,4,4,3,2,5,4,4,8.95,5,78,70,27,Cybersecurity Analyst
2,2,4,2,4,3,4,5,4,2,8.08,3,115,53,14,Cybersecurity Analyst
2,2,4,2,2,3,2,4,3,3,6.62,5,56,35,20,Cybersecurity Analyst
2,3,4,4,3,2,4,5,2,5,7.77,2,29,12,9,Cybersecurity Analyst
4,2,4,4,4,3,2,5,3,2,7.69,4,111,55,8,Cybersecurity Analyst
2,2,4,4,2,2,4,4,4,5,8.85,5,118,51,25,Cybersecurity Analyst
4,3,4,2,2,2,2,5,2,3,7.63,1,84,60,23,Cybersecurity Analyst
2,2,4,3,4,4,4,5,2,5,7.24,3,80,55,17,Cybersecurity Analyst
3,2,3,3,3,2,2,5,4,2,9.39,2,110,32,6,Cybersecurity Analyst
2,4,4,4,4,4,3,4,2,4,7.01,1,76,50,24,Cybersecurity Analyst
4,4,3,4,3,3,4,4,2,4,6.84,4,109,71,9,Cybersecurity Analyst
4,2,3,4,2,4,4,5,4,3,7.86,4,94,20,18,Cybersecurity Analyst
3,2,4,4,3,2,2,5,2,4,8.72,3,53,26,24,Cybersecurity Analyst
3,4,4,4,3,4,3,4,3,4,8.04,4,39,43,23,Cybersecurity Analyst
3,3,4,3,3,2,4,4,4,5,7.31,4,58,33,21,Cybersecurity Analyst
4,2,4,3,3,4,3,4,2,5,9.44,2,53,62,23,Cybersecurity Analyst
4,3,4,4,3,3,2,4,4,3,7.1,1,61,66,27,Cybersecurity Analyst
4,3,4,2,2,3,2,4,3,3,9.49,5,69,48,15,Cybersecurity Analyst
2,4,2,2,4,4,4,4,2,3,8.86,2,77,73,22,Cybersecurity Analyst
2,4,2,2,4,3,3,4,3,3,8.87,1,73,43,16,Cybersecurity Analyst
4,2,2,2,3,2,3,5,3,3,8.54,3,120,37,26,Cybersecurity Analyst
3,3,2,2,2,3,4,5,4,5,8.55,1,55,69,25,Cybersecurity Analyst
3,3,3,2,3,4,2,4,4,3,8.1,1,110,78,26,Cybersecurity Analyst
3,2,2,4,2,4,3,5,2,4,7.09,2,34,60,28,Cybersecurity Analyst
2,2,4,2,2,3,4,5,4,5,7.46,2,72,55,14,Cybersecurity Analyst
4,2,2,3,3,2,3,5,3,5,9.44,2,68,16,5,Cybersecurity Analyst
2,3,4,3,3,3,4,5,2,2,9.38,1,67,37,29,Cybersecurity Analyst
4,4,2,4,4,4,2,5,4,3,7.15,1,56,64,20,Cybersecurity Analyst
3,4,3,2,2,2,4,5,4,4,9.27,1,100,20,30,Cybersecurity Analyst
3,3,4,2,3,4,4,4,2,5,7.12,2,59,76,24,Cybersecurity Analyst
4,2,4,2,2,2,3,4,3,2,9.07,3,97,70,20,Cybersecurity Analyst
4,3,2,2,4,2,3,5,4,5,7.18,5,64,23,14,Cybersecurity Analyst
2,3,2,2,2,2,3,4,4,5,8.11,2,98,67,6,Cybersecurity Analyst
2,2,4,2,4,4,3,4,3,3,7.65,1,46,52,13,Cybersecurity Analyst
3,3,4,4,3,2,2,4,2,2,7.83,1,104,49,20,Cybersecurity Analyst
2,4,3,2,3,2,4,5,3,2,8.64,3,115,52,8,Cybersecurity Analyst
4,3,4,4,4,4,2,4,3,4,6.96,4,48,26,23,Cybersecurity Analyst
2,2,3,3,2,4,3,5,4,5,8.26,4,117,36,26,Cybersecurity Analyst
4,4,4,2,3,3,4,4,4,3,7.84,2,35,35,29,Cybersecurity Analyst
4,2,2,4,4,4,3,5,4,4,6.9,1,25,67,14,Cybersecurity Analyst
3,3,4,2,4,3,2,4,4,2,7.41,4,76,40,5,Cybersecurity Analyst
3,4,4,3,2,2,3,4,2,3,7.73,2,94,32,22,Cybersecurity Analyst
3,4,2,4,3,3,4,5,2,5,7.46,2,99,50,6,Cybersecurity Analyst
3,4,2,2,2,4,3,5,4,5,7.5,1,92,58,25,Cybersecurity Analyst
3,4,4,2,3,2,3,4,3,2,7.44,1,90,22,28,Cybersecurity Analyst
5,4,2,3,3,2,2,5,4,5,8.57,1,20,71,13,Cybersecurity Analyst
4,3,4,4,3,3,2,5,4,5,8.78,5,39,48,25,Cybersecurity Analyst
3,2,4,2,4,2,3,5,2,2,9.28,3,109,74,16,Cybersecurity Analyst
3,4,3,2,3,4,4,5,2,5,8.43,1,40,55,9,Cybersecurity Analyst
3,4,2,4,3,2,4,5,2,4,9.26,4,51,55,18,Cybersecurity Analyst
3,3,3,4,4,2,3,4,2,4,9.01,3,83,64,19,Cybersecurity Analyst
4,2,4,4,2,3,2,5,3,2,8.31,3,25,13,13,Cybersecurity Analyst
3,3,3,3,3,3,3,5,2,5,7.62,5,105,52,21,Cybersecurity Analyst
5,4,3,2,2,3,3,4,3,4,7.22,5,45,34,12,Cybersecurity Analyst
3,4,4,3,4,3,2,5,3,2,9.41,3,58,14,24,Cybersecurity Analyst
3,4,3,4,3,3,2,4,2,4,7.22,4,24,53,18,Cybersecurity Analyst
2,2,4,3,2,2,4,4,2,3,6.52,5,55,11,20,Cybersecurity Analyst
4,2,4,3,2,2,4,4,3,3,7.8,5,35,25,30,Cybersecurity Analyst
5,4,2,4,2,2,3,4,3,3,6.96,1,89,12,28,Cybersecurity Analyst
2,4,4,4,4,4,2,5,3,5,8.54,5,36,33,8,Cybersecurity Analyst
4,4,4,4,4,3,4,4,4,4,8.97,4,84,10,25,Cybersecurity Analyst
2,3,4,2,4,4,2,5,3,3,8.28,5,94,68,29,Cybersecurity Analyst
3,3,4,4,3,2,2,4,4,4,9.37,3,38,50,27,Cybersecurity Analyst
3,3,4,3,2,4,2,4,3,5,7.75,3,42,71,18,Cybersecurity Analyst
